Day,Outlook,Temperature,Humidity,Wind,Play Tennis
D1,Rain,Mild,High,Weak,No
D2,Rain,Cool,Normal,Weak,No
D3,Overcast,Hot,Normal,Weak,Yes
D4,Sunny,Hot,Normal,Weak,Yes
D5,Overcast,Hot,High,Strong,Yes
D6,Rain,Cool,High,Strong,No
D7,Overcast,Hot,Normal,Strong,Yes
D8,Rain,Mild,Normal,Strong,No
D9,Sunny,Hot,High,Weak,Yes
D10,Rain,Cool,High,Weak,No
D11,Rain,Mild,High,Weak,No
D12,Overcast,Cool,High,Weak,Yes
D13,Overcast,Mild,High,Strong,Yes
D14,Rain,Cool,Normal,Weak,No
D15,Overcast,Hot,High,Weak,Yes
D16,Overcast,Mild,Normal,Strong,Yes
D17,Sunny,Hot,Normal,Strong,Yes
D18,Sunny,Cool,High,Strong,Yes
D19,Rain,Cool,High,Strong,No
D20,Sunny,Hot,Normal,Strong,Yes
D21,Overcast,Cool,High,Strong,Yes
D22,Sunny,Cool,High,Weak,Yes
D23,Sunny,Cool,High,Strong,Yes
D24,Overcast,Cool,High,Strong,Yes
D25,Overcast,Cool,Normal,Weak,Yes
D26,Overcast,Hot,Normal,Weak,Yes
D27,Sunny,Hot,Normal,Weak,Yes
D28,Sunny,Cool,High,Weak,Yes
D29,Overcast,Cool,Normal,Strong,Yes
D30,Sunny,Cool,High,Strong,Yes
D31,Overcast,Mild,Normal,Strong,Yes
D32,Rain,Mild,High,Strong,No
D33,Sunny,Hot,High,Weak,Yes
D34,Sunny,Cool,High,Strong,Yes
D35,Overcast,Cool,Normal,Weak,Yes
D36,Sunny,Mild,High,Weak,Yes
D37,Sunny,Hot,Normal,Weak,Yes
D38,Overcast,Cool,High,Strong,Yes
D39,Overcast,Cool,High,Weak,Yes
D40,Sunny,Cool,High,Strong,Yes
D41,Rain,Hot,Normal,Strong,No
D42,Overcast,Hot,Normal,Weak,Yes
D43,Rain,Cool,High,Weak,No
D44,Overcast,Hot,Normal,Strong,Yes
D45,Rain,Mild,High,Weak,No
D46,Overcast,Mild,High,Weak,Yes
D47,Overcast,Hot,Normal,Weak,Yes
D48,Overcast,Cool,High,Strong,Yes
D49,Overcast,Cool,Normal,Strong,Yes
D50,Overcast,Hot,High,Weak,Yes
D51,Sunny,Cool,Normal,Weak,Yes
D52,Rain,Mild,Normal,Weak,No
D53,Overcast,Mild,Normal,Weak,Yes
D54,Overcast,Cool,High,Strong,Yes
D55,Rain,Hot,Normal,Weak,No
D56,Overcast,Mild,High,Weak,Yes
D57,Rain,Hot,High,Weak,No
D58,Rain,Mild,Normal,Weak,No
D59,Rain,Hot,High,Strong,No
D60,Overcast,Cool,High,Strong,Yes
D61,Overcast,Mild,High,Weak,Yes
D62,Overcast,Hot,High,Strong,Yes
D63,Overcast,Hot,Normal,Strong,Yes
D64,Overcast,Hot,High,Weak,Yes
D65,Overcast,Mild,High,Weak,Yes
D66,Rain,Cool,Normal,Weak,No
D67,Overcast,Cool,Normal,Strong,Yes
D68,Sunny,Hot,Normal,Strong,Yes
D69,Sunny,Cool,Normal,Strong,Yes
D70,Sunny,Hot,High,Strong,Yes
D71,Sunny,Cool,High,Weak,Yes
D72,Overcast,Cool,Normal,Weak,Yes
D73,Rain,Hot,Normal,Strong,Yes
D74,Overcast,Mild,Normal,Strong,Yes
D75,Overcast,Hot,High,Weak,Yes
D76,Sunny,Cool,High,Strong,Yes
D77,Overcast,Mild,High,Weak,Yes
D78,Overcast,Mild,Normal,Weak,Yes
D79,Rain,Cool,Normal,Weak,No
D80,Rain,Mild,Normal,Weak,No
D81,Rain,Cool,High,Weak,No
D82,Overcast,Mild,Normal,Weak,Yes
D83,Rain,Mild,High,Weak,No
D84,Overcast,Cool,High,Strong,Yes
D85,Sunny,Cool,Normal,Weak,Yes
D86,Rain,Mild,High,Weak,No
D87,Rain,Mild,Normal,Weak,No
D88,Overcast,Hot,High,Weak,Yes
D89,Rain,Hot,High,Weak,No
D90,Sunny,Hot,High,Strong,Yes
D91,Sunny,Hot,High,Weak,Yes
D92,Sunny,Cool,Normal,Weak,Yes
D93,Overcast,Mild,High,Strong,Yes
D94,Overcast,Hot,Normal,Strong,Yes
D95,Rain,Cool,High,Weak,No
D96,Sunny,Hot,Normal,Strong,Yes
D97,Sunny,Hot,High,Weak,Yes
D98,Rain,Hot,Normal,Weak,No
D99,Overcast,Cool,High,Weak,Yes
D100,Overcast,Cool,High,Weak,Yes
D101,Sunny,Mild,High,Weak,Yes
D102,Overcast,Mild,High,Weak,Yes
D103,Sunny,Cool,High,Strong,Yes
D104,Overcast,Mild,High,Weak,Yes
D105,Rain,Cool,Normal,Weak,No
D106,Sunny,Mild,High,Weak,Yes
D107,Rain,Cool,High,Strong,No
D108,Rain,Mild,Normal,Strong,No
D109,Rain,Mild,Normal,Strong,No
D110,Rain,Hot,Normal,Weak,No
D111,Overcast,Hot,Normal,Strong,Yes
D112,Rain,Hot,Normal,Weak,No
D113,Overcast,Hot,High,Weak,Yes
D114,Rain,Cool,High,Weak,No
D115,Sunny,Hot,High,Weak,Yes
D116,Rain,Hot,High,Weak,No
D117,Overcast,Mild,Normal,Weak,Yes
D118,Overcast,Mild,High,Weak,Yes
D119,Sunny,Cool,High,Weak,Yes
D120,Overcast,Mild,Normal,Weak,Yes
D121,Sunny,Hot,High,Weak,Yes
D122,Rain,Mild,High,Strong,No
D123,Rain,Cool,Normal,Strong,No
D124,Rain,Mild,High,Weak,No
D125,Sunny,Mild,Normal,Strong,Yes
D126,Rain,Hot,High,Strong,Yes
D127,Overcast,Cool,Normal,Strong,Yes
D128,Overcast,Hot,High,Weak,Yes
D129,Sunny,Cool,High,Strong,Yes
D130,Sunny,Hot,High,Weak,Yes
D131,Overcast,Cool,High,Weak,Yes
D132,Rain,Mild,Normal,Weak,No
D133,Overcast,Mild,Normal,Weak,Yes
D134,Overcast,Mild,Normal,Strong,Yes
D135,Rain,Cool,High,Strong,No
D136,Sunny,Cool,Normal,Strong,Yes
D137,Sunny,Cool,Normal,Weak,Yes
D138,Sunny,Mild,Normal,Strong,Yes
D139,Sunny,Cool,High,Weak,Yes
D140,Rain,Mild,High,Strong,No
D141,Rain,Hot,Normal,Strong,No
D142,Sunny,Cool,High,Strong,Yes
D143,Overcast,Mild,Normal,Weak,Yes
D144,Sunny,Hot,Normal,Strong,Yes
D145,Sunny,Hot,Normal,Weak,Yes
D146,Sunny,Mild,High,Weak,Yes
D147,Sunny,Cool,High,Strong,Yes
D148,Sunny,Mild,Normal,Weak,Yes
D149,Sunny,Hot,Normal,Strong,Yes
D150,Sunny,Mild,Normal,Strong,Yes
D151,Rain,Cool,Normal,Strong,No
D152,Overcast,Cool,High,Strong,Yes
D153,Sunny,Hot,Normal,Strong,Yes
D154,Overcast,Cool,Normal,Weak,Yes
D155,Rain,Mild,High,Strong,No
D156,Sunny,Mild,High,Strong,Yes
D157,Overcast,Hot,High,Strong,Yes
D158,Overcast,Hot,High,Weak,Yes
D159,Rain,Hot,High,Weak,No
D160,Overcast,Cool,High,Weak,Yes
D161,Rain,Hot,Normal,Strong,No
D162,Rain,Hot,High,Strong,No
D163,Rain,Mild,Normal,Strong,No
D164,Overcast,Cool,Normal,Weak,Yes
D165,Overcast,Mild,Normal,Weak,Yes
D166,Rain,Cool,High,Weak,No
D167,Overcast,Mild,High,Strong,Yes
D168,Rain,Cool,Normal,Weak,No
D169,Rain,Hot,Normal,Strong,No
D170,Overcast,Mild,High,Strong,Yes
D171,Sunny,Mild,High,Weak,Yes
D172,Rain,Cool,Normal,Weak,No
D173,Overcast,Cool,High,Strong,Yes
D174,Overcast,Hot,Normal,Strong,Yes
D175,Overcast,Hot,Normal,Strong,Yes
D176,Sunny,Cool,High,Strong,Yes
D177,Overcast,Hot,High,Weak,Yes
D178,Rain,Cool,Normal,Strong,No
D179,Overcast,Cool,High,Strong,Yes
D180,Sunny,Hot,High,Strong,No
D181,Sunny,Mild,Normal,Strong,Yes
D182,Rain,Mild,High,Weak,No
D183,Overcast,Cool,High,Weak,Yes
D184,Rain,Cool,High,Strong,No
D185,Overcast,Mild,Normal,Weak,Yes
D186,Rain,Hot,High,Strong,No
D187,Sunny,Cool,High,Weak,Yes
D188,Rain,Hot,High,Weak,No
D189,Sunny,Hot,High,Strong,Yes
D190,Sunny,Mild,High,Strong,Yes
D191,Rain,Mild,Normal,Weak,No
D192,Sunny,Hot,Normal,Weak,Yes
D193,Overcast,Hot,Normal,Strong,Yes
D194,Rain,Hot,High,Weak,No
D195,Sunny,Cool,Normal,Strong,Yes
D196,Overcast,Cool,High,Strong,Yes
D197,Overcast,Mild,High,Strong,Yes
D198,Rain,Mild,High,Weak,No
D199,Rain,Cool,Normal,Strong,No
D200,Overcast,Cool,High,Strong,Yes
D201,Rain,Hot,Normal,Weak,No
D202,Rain,Cool,High,Strong,No
D203,Sunny,Cool,High,Strong,Yes
D204,Rain,Cool,High,Weak,No
D205,Rain,Cool,High,Strong,No
D206,Overcast,Hot,Normal,Strong,Yes
D207,Sunny,Mild,High,Strong,No
D208,Sunny,Hot,Normal,Strong,Yes
D209,Sunny,Cool,Normal,Strong,Yes
D210,Rain,Cool,Normal,Strong,No
D211,Rain,Hot,High,Weak,Yes
D212,Sunny,Hot,High,Strong,No
D213,Sunny,Hot,High,Strong,Yes
D214,Rain,Cool,Normal,Strong,No
D215,Rain,Hot,High,Weak,No
D216,Overcast,Mild,High,Strong,Yes
D217,Sunny,Cool,Normal,Strong,Yes
D218,Overcast,Hot,Normal,Weak,Yes
D219,Sunny,Cool,High,Weak,Yes
D220,Sunny,Cool,High,Strong,Yes
D221,Rain,Mild,High,Strong,No
D222,Rain,Cool,High,Strong,No
D223,Rain,Mild,High,Weak,No
D224,Rain,Cool,Normal,Weak,No
D225,Overcast,Hot,High,Strong,Yes
D226,Sunny,Hot,Normal,Strong,Yes
D227,Sunny,Hot,High,Weak,Yes
D228,Overcast,Mild,Normal,Strong,Yes
D229,Overcast,Cool,Normal,Weak,Yes
D230,Sunny,Mild,Normal,Weak,Yes
D231,Overcast,Mild,High,Strong,Yes
D232,Overcast,Mild,Normal,Strong,Yes
D233,Rain,Hot,Normal,Strong,No
D234,Sunny,Mild,High,Weak,Yes
D235,Rain,Hot,Normal,Weak,No
D236,Overcast,Cool,High,Weak,Yes
D237,Rain,Mild,High,Strong,No
D238,Sunny,Mild,High,Strong,Yes
D239,Rain,Cool,Normal,Strong,Yes
D240,Rain,Cool,High,Weak,No
D241,Overcast,Mild,Normal,Weak,Yes
D242,Sunny,Hot,High,Strong,Yes
D243,Overcast,Mild,High,Strong,Yes
D244,Rain,Hot,Normal,Strong,No
D245,Overcast,Hot,Normal,Strong,Yes
D246,Sunny,Mild,Normal,Strong,Yes
D247,Sunny,Hot,Normal,Weak,Yes
D248,Rain,Mild,Normal,Strong,No
D249,Overcast,Hot,High,Weak,Yes
D250,Overcast,Cool,Normal,Strong,Yes
D251,Sunny,Cool,High,Strong,Yes
D252,Overcast,Hot,Normal,Strong,Yes
D253,Overcast,Hot,High,Strong,Yes
D254,Overcast,Cool,High,Weak,Yes
D255,Rain,Mild,High,Strong,No
D256,Rain,Hot,High,Weak,No
D257,Overcast,Hot,Normal,Weak,Yes
D258,Sunny,Hot,Normal,Strong,Yes
D259,Overcast,Hot,High,Weak,Yes
D260,Rain,Cool,High,Strong,No
D261,Sunny,Hot,High,Weak,Yes
D262,Overcast,Mild,Normal,Strong,Yes
D263,Rain,Cool,High,Strong,No
D264,Sunny,Hot,High,Weak,Yes
D265,Sunny,Cool,Normal,Weak,Yes
D266,Sunny,Cool,Normal,Weak,Yes
D267,Sunny,Mild,Normal,Weak,Yes
D268,Sunny,Hot,Normal,Strong,Yes
D269,Rain,Cool,Normal,Weak,No
D270,Sunny,Cool,High,Weak,Yes
D271,Sunny,Cool,High,Strong,Yes
D272,Sunny,Hot,Normal,Weak,Yes
D273,Sunny,Hot,Normal,Weak,Yes
D274,Rain,Mild,Normal,Strong,No
D275,Overcast,Hot,Normal,Strong,Yes
D276,Overcast,Cool,High,Strong,Yes
D277,Overcast,Cool,Normal,Strong,Yes
D278,Overcast,Cool,High,Weak,Yes
D279,Sunny,Cool,Normal,Strong,Yes
D280,Overcast,Cool,High,Weak,Yes
D281,Rain,Hot,High,Strong,No
D282,Rain,Mild,High,Weak,No
D283,Overcast,Cool,High,Weak,Yes
D284,Rain,Hot,Normal,Weak,No
D285,Sunny,Cool,Normal,Strong,Yes
D286,Rain,Cool,Normal,Strong,No
D287,Sunny,Mild,High,Weak,Yes
D288,Rain,Mild,Normal,Weak,No
D289,Sunny,Mild,Normal,Weak,No
D290,Rain,Hot,High,Strong,No
D291,Sunny,Hot,Normal,Strong,Yes
D292,Rain,Hot,Normal,Weak,No
D293,Sunny,Mild,Normal,Weak,Yes
D294,Rain,Mild,High,Strong,No
D295,Overcast,Hot,Normal,Weak,Yes
D296,Sunny,Mild,Normal,Weak,Yes
D297,Sunny,Hot,High,Strong,Yes
D298,Rain,Cool,Normal,Strong,No
D299,Rain,Cool,Normal,Strong,No
D300,Rain,Hot,High,Strong,No
D301,Rain,Mild,High,Weak,No
D302,Rain,Hot,High,Strong,No
D303,Overcast,Hot,High,Weak,Yes
D304,Rain,Mild,Normal,Weak,Yes
D305,Sunny,Mild,Normal,Weak,Yes
D306,Rain,Cool,High,Strong,No
D307,Rain,Mild,Normal,Strong,No
D308,Overcast,Hot,Normal,Weak,Yes
D309,Overcast,Hot,High,Strong,Yes
D310,Rain,Cool,High,Strong,No
D311,Overcast,Mild,Normal,Strong,Yes
D312,Overcast,Mild,Normal,Weak,Yes
D313,Sunny,Cool,High,Weak,Yes
D314,Rain,Mild,High,Strong,No
D315,Overcast,Mild,High,Strong,Yes
D316,Sunny,Mild,High,Weak,Yes
D317,Sunny,Hot,Normal,Weak,Yes
D318,Rain,Cool,Normal,Weak,No
D319,Sunny,Cool,Normal,Weak,Yes
D320,Rain,Mild,High,Weak,No
D321,Sunny,Cool,Normal,Strong,Yes
D322,Rain,Mild,Normal,Weak,No
D323,Sunny,Cool,Normal,Strong,Yes
D324,Sunny,Hot,Normal,Strong,Yes
D325,Rain,Mild,Normal,Strong,No
D326,Sunny,Mild,Normal,Strong,Yes
D327,Sunny,Hot,Normal,Weak,Yes
D328,Overcast,Hot,High,Strong,Yes
D329,Rain,Hot,Normal,Strong,No
D330,Overcast,Cool,Normal,Strong,Yes
D331,Sunny,Mild,Normal,Strong,Yes
D332,Overcast,Hot,High,Strong,Yes
D333,Overcast,Cool,High,Weak,Yes
D334,Overcast,Hot,Normal,Strong,Yes
D335,Rain,Hot,High,Strong,No
D336,Sunny,Mild,High,Strong,Yes
D337,Sunny,Mild,High,Weak,Yes
D338,Overcast,Mild,Normal,Weak,Yes
D339,Rain,Cool,Normal,Strong,No
D340,Overcast,Mild,Normal,Weak,Yes
D341,Rain,Mild,High,Weak,No
D342,Overcast,Cool,High,Weak,Yes
D343,Rain,Mild,Normal,Weak,No
D344,Sunny,Hot,High,Weak,No
D345,Sunny,Cool,Normal,Weak,Yes
D346,Sunny,Mild,Normal,Weak,Yes
D347,Sunny,Hot,High,Weak,Yes
D348,Sunny,Cool,Normal,Strong,Yes
D349,Rain,Mild,Normal,Weak,No
D350,Overcast,Hot,High,Weak,Yes
D351,Overcast,Cool,High,Strong,Yes
D352,Overcast,Hot,High,Strong,Yes
D353,Overcast,Mild,High,Weak,Yes
D354,Overcast,Mild,Normal,Strong,Yes
D355,Sunny,Cool,High,Strong,Yes
D356,Overcast,Cool,Normal,Weak,Yes
D357,Overcast,Cool,Normal,Strong,Yes
D358,Overcast,Mild,High,Weak,Yes
D359,Sunny,Mild,Normal,Weak,No
D360,Overcast,Cool,High,Weak,Yes
D361,Sunny,Mild,Normal,Strong,Yes
D362,Overcast,Cool,High,Weak,Yes
D363,Overcast,Hot,High,Strong,Yes
D364,Rain,Mild,High,Weak,No
D365,Rain,Hot,Normal,Strong,No
D366,Rain,Mild,High,Weak,No
D367,Overcast,Hot,High,Strong,Yes
D368,Rain,Mild,High,Strong,No
D369,Sunny,Mild,High,Strong,Yes
D370,Sunny,Cool,Normal,Strong,Yes
D371,Sunny,Cool,Normal,Weak,Yes
D372,Rain,Cool,Normal,Weak,No
D373,Rain,Mild,Normal,Strong,No
D374,Sunny,Mild,High,Strong,Yes
D375,Sunny,Hot,Normal,Strong,Yes
D376,Sunny,Hot,High,Strong,Yes
D377,Rain,Cool,High,Strong,No
D378,Overcast,Mild,Normal,Weak,Yes
D379,Rain,Mild,High,Weak,No
D380,Overcast,Cool,Normal,Strong,Yes
D381,Rain,Mild,Normal,Strong,No
D382,Rain,Hot,Normal,Strong,No
D383,Sunny,Cool,High,Weak,Yes
D384,Rain,Mild,High,Weak,No
D385,Sunny,Hot,High,Weak,Yes
D386,Rain,Cool,High,Weak,No
D387,Overcast,Cool,High,Strong,Yes
D388,Sunny,Mild,High,Weak,Yes
D389,Overcast,Mild,Normal,Weak,Yes
D390,Rain,Mild,High,Strong,No
D391,Sunny,Cool,Normal,Strong,Yes
D392,Overcast,Hot,Normal,Weak,Yes
D393,Rain,Hot,Normal,Strong,No
D394,Overcast,Cool,High,Strong,Yes
D395,Sunny,Hot,High,Weak,Yes
D396,Rain,Hot,Normal,Strong,No
D397,Overcast,Cool,High,Weak,Yes
D398,Sunny,Mild,High,Strong,Yes
D399,Sunny,Cool,Normal,Strong,Yes
D400,Sunny,Cool,Normal,Strong,Yes
D401,Sunny,Mild,Normal,Weak,Yes
D402,Rain,Mild,Normal,Strong,No
D403,Overcast,Cool,High,Weak,Yes
D404,Rain,Cool,Normal,Weak,No
D405,Sunny,Mild,Normal,Weak,Yes
D406,Overcast,Hot,High,Weak,Yes
D407,Overcast,Cool,Normal,Weak,Yes
D408,Overcast,Mild,High,Weak,Yes
D409,Sunny,Cool,Normal,Strong,Yes
D410,Sunny,Mild,High,Weak,Yes
D411,Sunny,Hot,High,Weak,Yes
D412,Sunny,Cool,Normal,Weak,Yes
D413,Sunny,Hot,Normal,Weak,Yes
D414,Overcast,Cool,Normal,Weak,Yes
D415,Sunny,Cool,Normal,Strong,Yes
D416,Sunny,Cool,Normal,Strong,Yes
D417,Overcast,Cool,Normal,Weak,Yes
D418,Sunny,Hot,Normal,Weak,Yes
D419,Sunny,Mild,High,Weak,Yes
D420,Sunny,Mild,High,Strong,Yes
D421,Overcast,Hot,Normal,Weak,Yes
D422,Overcast,Cool,High,Weak,Yes
D423,Rain,Hot,High,Strong,No
D424,Sunny,Hot,High,Weak,Yes
D425,Sunny,Hot,High,Strong,Yes
D426,Overcast,Mild,High,Strong,Yes
D427,Sunny,Hot,High,Strong,Yes
D428,Rain,Cool,High,Weak,No
D429,Sunny,Hot,Normal,Strong,Yes
D430,Overcast,Hot,Normal,Weak,Yes
D431,Sunny,Mild,Normal,Weak,Yes
D432,Overcast,Cool,Normal,Weak,Yes
D433,Overcast,Hot,High,Strong,Yes
D434,Overcast,Hot,Normal,Strong,Yes
D435,Sunny,Cool,Normal,Weak,Yes
D436,Overcast,Mild,High,Weak,Yes
D437,Overcast,Mild,Normal,Weak,Yes
D438,Overcast,Mild,High,Weak,Yes
D439,Rain,Hot,High,Weak,No
D440,Overcast,Mild,High,Strong,Yes
D441,Sunny,Mild,Normal,Strong,Yes
D442,Rain,Cool,Normal,Strong,No
D443,Rain,Hot,Normal,Weak,No
D444,Sunny,Cool,Normal,Weak,Yes
D445,Rain,Mild,High,Weak,No
D446,Sunny,Hot,Normal,Strong,Yes
D447,Rain,Mild,High,Strong,No
D448,Sunny,Hot,Normal,Strong,Yes
D449,Sunny,Hot,Normal,Strong,Yes
D450,Overcast,Cool,High,Weak,Yes
D451,Sunny,Hot,High,Weak,No
D452,Sunny,Hot,High,Weak,Yes
D453,Sunny,Cool,High,Weak,Yes
D454,Rain,Mild,High,Strong,No
D455,Rain,Mild,High,Strong,No
D456,Overcast,Mild,Normal,Weak,Yes
D457,Overcast,Cool,High,Strong,Yes
D458,Rain,Hot,High,Weak,No
D459,Rain,Hot,Normal,Weak,No
D460,Overcast,Cool,Normal,Strong,Yes
D461,Sunny,Hot,High,Weak,Yes
D462,Overcast,Mild,Normal,Weak,Yes
D463,Overcast,Hot,Normal,Strong,Yes
D464,Overcast,Hot,High,Strong,Yes
D465,Rain,Hot,High,Weak,No
D466,Sunny,Mild,High,Strong,Yes
D467,Sunny,Mild,Normal,Weak,Yes
D468,Overcast,Mild,Normal,Strong,Yes
D469,Rain,Hot,High,Weak,No
D470,Rain,Cool,Normal,Weak,No
D471,Sunny,Hot,Normal,Weak,Yes
D472,Rain,Hot,Normal,Strong,No
D473,Rain,Hot,High,Weak,No
D474,Overcast,Hot,Normal,Strong,Yes
D475,Sunny,Mild,High,Weak,Yes
D476,Sunny,Cool,High,Weak,Yes
D477,Overcast,Hot,Normal,Weak,Yes
D478,Overcast,Mild,Normal,Strong,Yes
D479,Sunny,Hot,Normal,Weak,Yes
D480,Overcast,Cool,Normal,Weak,Yes
D481,Rain,Mild,Normal,Strong,No
D482,Sunny,Cool,High,Weak,Yes
D483,Sunny,Hot,Normal,Strong,Yes
D484,Sunny,Hot,Normal,Strong,Yes
D485,Overcast,Mild,Normal,Weak,Yes
D486,Overcast,Mild,Normal,Weak,Yes
D487,Sunny,Mild,Normal,Weak,Yes
D488,Rain,Hot,Normal,Strong,No
D489,Sunny,Hot,Normal,Weak,Yes
D490,Overcast,Hot,High,Strong,Yes
D491,Rain,Mild,High,Strong,No
D492,Overcast,Cool,High,Strong,Yes
D493,Overcast,Hot,Normal,Strong,Yes
D494,Sunny,Hot,Normal,Strong,Yes
D495,Overcast,Mild,Normal,Weak,Yes
D496,Sunny,Hot,High,Strong,Yes
D497,Rain,Hot,Normal,Weak,No
D498,Sunny,Mild,Normal,Strong,Yes
D499,Rain,Cool,Normal,Weak,Yes
D500,Rain,Mild,Normal,Strong,No
D501,Sunny,Hot,Normal,Weak,Yes
D502,Sunny,Hot,High,Weak,Yes
D503,Sunny,Mild,Normal,Strong,Yes
D504,Rain,Mild,Normal,Weak,No
D505,Rain,Hot,High,Strong,No
D506,Overcast,Cool,Normal,Weak,Yes
D507,Overcast,Cool,High,Strong,Yes
D508,Sunny,Mild,Normal,Weak,Yes
D509,Sunny,Mild,High,Weak,Yes
D510,Overcast,Hot,High,Strong,Yes
D511,Overcast,Hot,High,Weak,Yes
D512,Sunny,Cool,Normal,Weak,Yes
D513,Sunny,Mild,Normal,Weak,Yes
D514,Rain,Mild,Normal,Weak,Yes
D515,Rain,Mild,Normal,Weak,No
D516,Rain,Mild,High,Strong,No
D517,Overcast,Mild,High,Strong,Yes
D518,Sunny,Cool,Normal,Weak,Yes
D519,Sunny,Mild,Normal,Strong,Yes
D520,Overcast,Hot,High,Weak,Yes
D521,Overcast,Mild,Normal,Weak,Yes
D522,Rain,Hot,High,Weak,No
D523,Overcast,Hot,Normal,Strong,Yes
D524,Overcast,Cool,High,Strong,Yes
D525,Overcast,Hot,Normal,Weak,Yes
D526,Rain,Hot,High,Strong,No
D527,Overcast,Mild,High,Weak,Yes
D528,Overcast,Hot,High,Strong,Yes
D529,Rain,Hot,Normal,Weak,No
D530,Overcast,Hot,High,Weak,Yes
D531,Rain,Cool,High,Weak,No
D532,Overcast,Mild,Normal,Strong,Yes
D533,Sunny,Mild,High,Weak,Yes
D534,Rain,Mild,Normal,Weak,No
D535,Overcast,Cool,High,Weak,Yes
D536,Rain,Mild,Normal,Weak,No
D537,Sunny,Hot,Normal,Weak,Yes
D538,Rain,Cool,Normal,Strong,No
D539,Overcast,Mild,Normal,Strong,Yes
D540,Sunny,Cool,Normal,Weak,Yes
D541,Rain,Hot,Normal,Strong,No
D542,Sunny,Mild,High,Strong,Yes
D543,Overcast,Mild,Normal,Weak,Yes
D544,Rain,Cool,High,Strong,No
D545,Rain,Hot,Normal,Strong,No
D546,Sunny,Cool,Normal,Weak,Yes
D547,Rain,Cool,High,Strong,Yes
D548,Overcast,Hot,Normal,Weak,Yes
D549,Sunny,Hot,Normal,Weak,Yes
D550,Rain,Hot,High,Weak,No
D551,Overcast,Mild,Normal,Weak,Yes
D552,Overcast,Cool,Normal,Strong,Yes
D553,Sunny,Cool,High,Weak,Yes
D554,Rain,Hot,High,Weak,No
D555,Overcast,Hot,High,Weak,Yes
D556,Rain,Hot,High,Weak,No
D557,Rain,Cool,Normal,Strong,No
D558,Rain,Mild,Normal,Strong,Yes
D559,Rain,Mild,High,Weak,No
D560,Sunny,Mild,Normal,Strong,Yes
D561,Rain,Hot,Normal,Strong,No
D562,Sunny,Mild,Normal,Weak,Yes
D563,Rain,Hot,Normal,Strong,No
D564,Rain,Mild,Normal,Strong,No
D565,Sunny,Mild,High,Strong,Yes
D566,Sunny,Mild,Normal,Strong,Yes
D567,Rain,Hot,High,Strong,No
D568,Overcast,Hot,Normal,Strong,Yes
D569,Rain,Cool,High,Weak,No
D570,Overcast,Mild,Normal,Weak,Yes
D571,Overcast,Mild,Normal,Strong,Yes
D572,Overcast,Mild,High,Weak,Yes
D573,Sunny,Mild,High,Strong,Yes
D574,Sunny,Mild,High,Weak,Yes
D575,Sunny,Mild,Normal,Strong,Yes
D576,Overcast,Cool,Normal,Strong,Yes
D577,Sunny,Hot,Normal,Strong,No
D578,Sunny,Hot,Normal,Strong,Yes
D579,Rain,Mild,Normal,Strong,No
D580,Sunny,Mild,Normal,Strong,Yes
D581,Rain,Mild,Normal,Strong,No
D582,Sunny,Mild,High,Weak,Yes
D583,Sunny,Hot,Normal,Weak,Yes
D584,Overcast,Cool,High,Strong,Yes
D585,Overcast,Hot,Normal,Strong,Yes
D586,Overcast,Cool,High,Strong,Yes
D587,Overcast,Hot,Normal,Strong,Yes
D588,Rain,Hot,High,Strong,No
D589,Sunny,Hot,High,Weak,Yes
D590,Sunny,Mild,High,Strong,Yes
D591,Sunny,Cool,Normal,Strong,Yes
D592,Overcast,Mild,Normal,Weak,Yes
D593,Sunny,Cool,Normal,Strong,Yes
D594,Overcast,Hot,Normal,Strong,Yes
D595,Rain,Mild,Normal,Weak,No
D596,Sunny,Mild,High,Weak,Yes
D597,Overcast,Mild,High,Strong,Yes
D598,Rain,Hot,High,Weak,No
D599,Overcast,Mild,Normal,Weak,Yes
D600,Rain,Mild,High,Weak,No
D601,Rain,Cool,High,Weak,No
D602,Overcast,Cool,High,Weak,Yes
D603,Overcast,Mild,Normal,Weak,Yes
D604,Overcast,Cool,Normal,Strong,Yes
D605,Overcast,Hot,Normal,Weak,Yes
D606,Rain,Mild,High,Weak,No
D607,Overcast,Mild,High,Strong,Yes
D608,Rain,Cool,Normal,Weak,No
D609,Sunny,Hot,High,Weak,Yes
D610,Sunny,Cool,High,Weak,Yes
D611,Rain,Hot,Normal,Weak,No
D612,Sunny,Cool,High,Weak,Yes
D613,Overcast,Hot,Normal,Weak,Yes
D614,Rain,Hot,High,Weak,No
D615,Overcast,Mild,High,Weak,Yes
D616,Overcast,Hot,High,Weak,Yes
D617,Sunny,Mild,High,Weak,Yes
D618,Overcast,Mild,Normal,Strong,Yes
D619,Rain,Mild,Normal,Strong,No
D620,Overcast,Cool,Normal,Strong,Yes
D621,Rain,Mild,Normal,Strong,No
D622,Overcast,Cool,High,Strong,Yes
D623,Sunny,Hot,Normal,Strong,Yes
D624,Rain,Cool,High,Strong,No
D625,Sunny,Hot,High,Weak,Yes
D626,Sunny,Hot,High,Weak,Yes
D627,Overcast,Hot,Normal,Strong,Yes
D628,Rain,Mild,Normal,Strong,No
D629,Sunny,Mild,High,Strong,Yes
D630,Overcast,Hot,High,Weak,Yes
D631,Overcast,Hot,Normal,Weak,Yes
D632,Rain,Mild,High,Weak,No
D633,Overcast,Hot,Normal,Strong,Yes
D634,Rain,Mild,Normal,Weak,No
D635,Sunny,Mild,High,Strong,Yes
D636,Rain,Mild,Normal,Weak,No
D637,Overcast,Mild,Normal,Strong,Yes
D638,Overcast,Hot,Normal,Weak,Yes
D639,Overcast,Mild,High,Strong,Yes
D640,Rain,Hot,Normal,Weak,No
D641,Sunny,Mild,Normal,Weak,Yes
D642,Sunny,Cool,Normal,Strong,Yes
D643,Rain,Cool,High,Strong,No
D644,Rain,Mild,Normal,Weak,No
D645,Sunny,Mild,Normal,Weak,Yes
D646,Sunny,Hot,Normal,Weak,Yes
D647,Overcast,Hot,Normal,Weak,Yes
D648,Sunny,Hot,Normal,Weak,Yes
D649,Sunny,Cool,High,Strong,Yes
D650,Sunny,Cool,High,Weak,Yes
D651,Rain,Cool,High,Strong,No
D652,Overcast,Cool,High,Weak,Yes
D653,Rain,Cool,Normal,Strong,No
D654,Rain,Mild,High,Strong,No
D655,Overcast,Hot,High,Weak,Yes
D656,Sunny,Hot,Normal,Strong,Yes
D657,Overcast,Hot,High,Strong,Yes
D658,Sunny,Mild,High,Weak,Yes
D659,Rain,Mild,High,Strong,No
D660,Sunny,Mild,High,Weak,Yes
D661,Overcast,Cool,High,Weak,Yes
D662,Sunny,Cool,Normal,Strong,Yes
D663,Overcast,Hot,Normal,Weak,Yes
D664,Overcast,Hot,High,Strong,Yes
D665,Rain,Hot,Normal,Strong,No
D666,Rain,Cool,High,Weak,No
D667,Sunny,Cool,Normal,Strong,Yes
D668,Overcast,Hot,High,Strong,Yes
D669,Overcast,Cool,Normal,Weak,Yes
D670,Rain,Hot,Normal,Strong,No
D671,Overcast,Hot,Normal,Weak,Yes
D672,Rain,Mild,Normal,Strong,No
D673,Overcast,Cool,High,Weak,Yes
D674,Rain,Cool,High,Weak,No
D675,Rain,Hot,High,Strong,No
D676,Rain,Cool,Normal,Strong,No
D677,Sunny,Hot,Normal,Strong,Yes
D678,Rain,Cool,High,Strong,No
D679,Sunny,Mild,High,Weak,Yes
D680,Rain,Hot,Normal,Weak,No
D681,Rain,Mild,Normal,Weak,No
D682,Sunny,Mild,Normal,Strong,Yes
D683,Overcast,Cool,High,Strong,Yes
D684,Sunny,Hot,High,Strong,Yes
D685,Rain,Hot,Normal,Strong,No
D686,Rain,Hot,High,Strong,No
D687,Overcast,Mild,Normal,Strong,Yes
D688,Sunny,Cool,High,Weak,Yes
D689,Overcast,Mild,High,Weak,Yes
D690,Rain,Mild,Normal,Weak,No
D691,Rain,Cool,Normal,Strong,No
D692,Sunny,Mild,High,Weak,Yes
D693,Rain,Cool,High,Strong,No
D694,Sunny,Mild,Normal,Weak,Yes
D695,Overcast,Hot,High,Strong,Yes
D696,Sunny,Hot,Normal,Weak,Yes
D697,Sunny,Cool,Normal,Strong,Yes
D698,Sunny,Mild,High,Weak,Yes
D699,Overcast,Hot,High,Strong,Yes
D700,Rain,Hot,Normal,Strong,No
D701,Sunny,Cool,Normal,Weak,Yes
D702,Rain,Hot,Normal,Strong,No
D703,Rain,Hot,Normal,Weak,No
D704,Rain,Mild,High,Weak,No
D705,Overcast,Hot,Normal,Strong,Yes
D706,Overcast,Cool,Normal,Strong,Yes
D707,Sunny,Mild,Normal,Weak,Yes
D708,Sunny,Cool,Normal,Weak,Yes
D709,Overcast,Hot,Normal,Strong,Yes
D710,Overcast,Hot,Normal,Weak,Yes
D711,Sunny,Cool,Normal,Strong,Yes
D712,Sunny,Cool,Normal,Strong,Yes
D713,Overcast,Cool,Normal,Weak,Yes
D714,Rain,Cool,High,Strong,No
D715,Sunny,Mild,Normal,Weak,Yes
D716,Sunny,Cool,Normal,Strong,Yes
D717,Sunny,Cool,Normal,Weak,Yes
D718,Rain,Hot,Normal,Weak,No
D719,Sunny,Hot,High,Strong,Yes
D720,Sunny,Mild,Normal,Weak,Yes
D721,Rain,Hot,Normal,Strong,No
D722,Rain,Mild,Normal,Strong,No
D723,Rain,Mild,High,Weak,No
D724,Rain,Hot,High,Weak,No
D725,Overcast,Hot,High,Strong,Yes
D726,Overcast,Cool,Normal,Weak,Yes
D727,Overcast,Cool,Normal,Strong,Yes
D728,Rain,Cool,High,Strong,No
D729,Overcast,Hot,Normal,Strong,Yes
D730,Sunny,Mild,Normal,Weak,Yes
D731,Rain,Hot,Normal,Strong,No
D732,Sunny,Hot,Normal,Weak,No
D733,Overcast,Mild,Normal,Strong,Yes
D734,Overcast,Mild,High,Weak,Yes
D735,Overcast,Hot,Normal,Strong,Yes
D736,Sunny,Hot,High,Strong,Yes
D737,Overcast,Cool,Normal,Strong,Yes
D738,Overcast,Mild,High,Weak,Yes
D739,Sunny,Cool,Normal,Strong,Yes
D740,Rain,Cool,High,Strong,No
D741,Rain,Cool,High,Strong,No
D742,Sunny,Mild,High,Weak,Yes
D743,Rain,Mild,Normal,Strong,No
D744,Overcast,Hot,Normal,Weak,Yes
D745,Sunny,Mild,Normal,Weak,Yes
D746,Rain,Hot,Normal,Strong,No
D747,Overcast,Mild,Normal,Strong,Yes
D748,Overcast,Mild,High,Strong,Yes
D749,Rain,Mild,High,Weak,No
D750,Rain,Mild,High,Strong,No
D751,Overcast,Hot,Normal,Strong,Yes
D752,Rain,Cool,High,Weak,No
D753,Overcast,Cool,Normal,Weak,Yes
D754,Rain,Cool,High,Weak,No
D755,Overcast,Mild,Normal,Strong,Yes
D756,Sunny,Cool,High,Strong,Yes
D757,Overcast,Hot,High,Weak,Yes
D758,Sunny,Mild,Normal,Strong,Yes
D759,Sunny,Hot,High,Strong,No
D760,Overcast,Cool,Normal,Strong,Yes
D761,Overcast,Mild,High,Strong,Yes
D762,Rain,Cool,High,Strong,No
D763,Sunny,Mild,High,Strong,Yes
D764,Sunny,Mild,Normal,Weak,Yes
D765,Sunny,Mild,Normal,Weak,Yes
D766,Overcast,Cool,Normal,Strong,Yes
D767,Overcast,Hot,High,Weak,Yes
D768,Overcast,Hot,Normal,Weak,Yes
D769,Sunny,Cool,Normal,Strong,Yes
D770,Rain,Hot,Normal,Strong,No
D771,Sunny,Cool,Normal,Weak,Yes
D772,Overcast,Mild,High,Weak,Yes
D773,Sunny,Hot,High,Strong,Yes
D774,Rain,Mild,Normal,Strong,No
D775,Sunny,Cool,High,Weak,Yes
D776,Sunny,Mild,High,Weak,Yes
D777,Sunny,Cool,High,Strong,Yes
D778,Sunny,Hot,Normal,Strong,No
D779,Rain,Mild,Normal,Weak,No
D780,Rain,Mild,High,Weak,No
D781,Overcast,Hot,Normal,Weak,Yes
D782,Overcast,Hot,High,Weak,Yes
D783,Sunny,Hot,Normal,Strong,Yes
D784,Sunny,Hot,High,Strong,Yes
D785,Rain,Hot,Normal,Strong,No
D786,Overcast,Cool,Normal,Strong,Yes
D787,Sunny,Mild,Normal,Weak,Yes
D788,Sunny,Cool,High,Strong,No
D789,Rain,Cool,High,Weak,No
D790,Sunny,Cool,Normal,Strong,Yes
D791,Rain,Mild,High,Strong,No
D792,Rain,Cool,Normal,Strong,No
D793,Overcast,Cool,High,Weak,Yes
D794,Sunny,Mild,Normal,Strong,Yes
D795,Overcast,Cool,High,Weak,Yes
D796,Overcast,Hot,Normal,Weak,Yes
D797,Sunny,Cool,High,Weak,Yes
D798,Overcast,Mild,High,Strong,Yes
D799,Overcast,Hot,High,Strong,Yes
D800,Sunny,Mild,Normal,Weak,Yes
D801,Overcast,Mild,High,Strong,Yes
D802,Overcast,Cool,High,Weak,Yes
D803,Overcast,Hot,High,Strong,Yes
D804,Sunny,Hot,Normal,Weak,Yes
D805,Rain,Mild,Normal,Strong,No
D806,Overcast,Cool,High,Strong,Yes
D807,Overcast,Cool,High,Weak,Yes
D808,Rain,Cool,High,Weak,No
D809,Sunny,Cool,Normal,Strong,Yes
D810,Rain,Cool,Normal,Strong,No
D811,Sunny,Mild,Normal,Weak,No
D812,Rain,Cool,High,Weak,No
D813,Sunny,Cool,Normal,Weak,Yes
D814,Overcast,Mild,Normal,Weak,Yes
D815,Overcast,Hot,High,Weak,Yes
D816,Rain,Cool,Normal,Strong,No
D817,Overcast,Cool,High,Weak,Yes
D818,Overcast,Cool,Normal,Weak,Yes
D819,Overcast,Hot,High,Weak,Yes
D820,Rain,Hot,Normal,Weak,No
D821,Sunny,Hot,High,Strong,Yes
D822,Sunny,Cool,Normal,Weak,Yes
D823,Sunny,Hot,Normal,Weak,Yes
D824,Overcast,Hot,High,Strong,Yes
D825,Sunny,Hot,Normal,Weak,Yes
D826,Sunny,Hot,Normal,Weak,No
D827,Overcast,Mild,High,Strong,Yes
D828,Rain,Cool,High,Strong,No
D829,Overcast,Cool,Normal,Weak,Yes
D830,Sunny,Mild,High,Weak,Yes
D831,Sunny,Hot,Normal,Weak,Yes
D832,Overcast,Cool,Normal,Weak,Yes
D833,Rain,Cool,Normal,Weak,No
D834,Rain,Mild,Normal,Strong,No
D835,Overcast,Cool,Normal,Strong,Yes
D836,Overcast,Mild,Normal,Weak,Yes
D837,Sunny,Hot,High,Strong,Yes
D838,Overcast,Hot,High,Strong,Yes
D839,Rain,Cool,Normal,Strong,No
D840,Sunny,Mild,High,Strong,Yes
D841,Rain,Cool,High,Weak,No
D842,Rain,Cool,Normal,Strong,No
D843,Sunny,Cool,Normal,Weak,Yes
D844,Rain,Cool,Normal,Strong,No
D845,Sunny,Cool,High,Strong,Yes
D846,Sunny,Hot,Normal,Strong,Yes
D847,Rain,Hot,Normal,Weak,No
D848,Rain,Hot,High,Strong,No
D849,Overcast,Mild,Normal,Weak,Yes
D850,Overcast,Cool,High,Strong,Yes
D851,Overcast,Mild,High,Strong,Yes
D852,Rain,Cool,High,Strong,No
D853,Rain,Mild,High,Weak,No
D854,Rain,Hot,Normal,Strong,No
D855,Sunny,Hot,Normal,Strong,No
D856,Rain,Mild,High,Weak,Yes
D857,Sunny,Hot,Normal,Weak,Yes
D858,Overcast,Hot,Normal,Strong,Yes
D859,Sunny,Cool,Normal,Weak,Yes
D860,Sunny,Cool,Normal,Strong,Yes
D861,Rain,Mild,High,Weak,No
D862,Overcast,Cool,Normal,Weak,Yes
D863,Sunny,Cool,Normal,Weak,Yes
D864,Rain,Hot,Normal,Strong,Yes
D865,Sunny,Hot,Normal,Strong,Yes
D866,Rain,Hot,High,Weak,No
D867,Sunny,Hot,High,Strong,Yes
D868,Rain,Mild,High,Weak,No
D869,Sunny,Hot,Normal,Strong,Yes
D870,Sunny,Hot,High,Weak,No
D871,Overcast,Cool,High,Weak,Yes
D872,Overcast,Mild,High,Strong,Yes
D873,Overcast,Hot,High,Weak,Yes
D874,Overcast,Hot,High,Weak,Yes
D875,Rain,Hot,Normal,Strong,No
D876,Rain,Mild,Normal,Weak,No
D877,Overcast,Mild,Normal,Weak,Yes
D878,Overcast,Mild,High,Weak,Yes
D879,Rain,Cool,Normal,Strong,No
D880,Rain,Hot,Normal,Strong,No
D881,Sunny,Cool,High,Strong,Yes
D882,Overcast,Mild,High,Weak,Yes
D883,Overcast,Mild,Normal,Strong,Yes
D884,Sunny,Hot,Normal,Weak,Yes
D885,Overcast,Mild,Normal,Weak,Yes
D886,Rain,Mild,High,Strong,No
D887,Rain,Cool,High,Weak,No
D888,Sunny,Cool,High,Strong,Yes
D889,Rain,Cool,High,Strong,No
D890,Sunny,Mild,High,Strong,Yes
D891,Overcast,Mild,Normal,Strong,Yes
D892,Overcast,Cool,High,Strong,Yes
D893,Sunny,Mild,High,Weak,Yes
D894,Overcast,Cool,High,Weak,Yes
D895,Rain,Hot,High,Strong,No
D896,Overcast,Cool,Normal,Strong,Yes
D897,Overcast,Cool,High,Strong,Yes
D898,Sunny,Cool,Normal,Strong,Yes
D899,Overcast,Hot,High,Weak,Yes
D900,Overcast,Hot,Normal,Weak,Yes
D901,Sunny,Mild,Normal,Weak,Yes
D902,Sunny,Hot,High,Weak,Yes
D903,Rain,Cool,Normal,Strong,No
D904,Rain,Cool,High,Weak,No
D905,Rain,Mild,Normal,Strong,No
D906,Rain,Mild,High,Weak,No
D907,Sunny,Mild,High,Weak,Yes
D908,Rain,Hot,Normal,Strong,No
D909,Overcast,Mild,High,Weak,Yes
D910,Rain,Hot,High,Strong,No
D911,Sunny,Hot,High,Weak,No
D912,Rain,Cool,Normal,Weak,No
D913,Overcast,Cool,High,Weak,Yes
D914,Overcast,Hot,High,Strong,Yes
D915,Overcast,Mild,Normal,Strong,Yes
D916,Rain,Mild,Normal,Weak,No
D917,Sunny,Cool,High,Strong,Yes
D918,Rain,Cool,Normal,Strong,No
D919,Overcast,Hot,Normal,Weak,Yes
D920,Overcast,Mild,Normal,Weak,Yes
D921,Overcast,Cool,High,Weak,Yes
D922,Sunny,Mild,High,Weak,Yes
D923,Sunny,Hot,Normal,Strong,Yes
D924,Rain,Mild,High,Strong,Yes
D925,Overcast,Cool,Normal,Strong,Yes
D926,Sunny,Hot,High,Weak,Yes
D927,Rain,Hot,Normal,Strong,No
D928,Rain,Hot,Normal,Weak,Yes
D929,Sunny,Hot,Normal,Strong,Yes
D930,Overcast,Cool,Normal,Weak,Yes
D931,Rain,Mild,High,Weak,No
D932,Rain,Hot,Normal,Strong,No
D933,Overcast,Mild,High,Strong,Yes
D934,Rain,Hot,High,Weak,No
D935,Rain,Cool,High,Weak,No
D936,Rain,Cool,High,Weak,No
D937,Sunny,Hot,High,Strong,Yes
D938,Rain,Hot,High,Strong,No
D939,Rain,Hot,Normal,Strong,No
D940,Rain,Mild,Normal,Weak,Yes
D941,Rain,Cool,High,Weak,No
D942,Rain,Mild,High,Strong,No
D943,Sunny,Mild,High,Strong,Yes
D944,Overcast,Hot,High,Strong,Yes
D945,Sunny,Cool,High,Weak,Yes
D946,Rain,Mild,High,Weak,Yes
D947,Overcast,Cool,Normal,Strong,Yes
D948,Rain,Mild,Normal,Strong,No
D949,Sunny,Cool,Normal,Strong,Yes
D950,Rain,Cool,High,Weak,No
D951,Rain,Hot,High,Weak,No
D952,Rain,Mild,High,Weak,No
D953,Rain,Mild,Normal,Weak,No
D954,Rain,Cool,High,Weak,Yes
D955,Overcast,Cool,High,Weak,Yes
D956,Rain,Cool,High,Weak,No
D957,Rain,Hot,Normal,Weak,No
D958,Sunny,Mild,Normal,Strong,Yes
D959,Overcast,Hot,Normal,Strong,Yes
D960,Overcast,Cool,Normal,Weak,Yes
D961,Rain,Cool,High,Weak,No
D962,Rain,Cool,High,Weak,No
D963,Overcast,Cool,High,Strong,Yes
D964,Sunny,Cool,Normal,Weak,Yes
D965,Sunny,Mild,High,Weak,Yes
D966,Sunny,Hot,Normal,Weak,Yes
D967,Sunny,Cool,Normal,Weak,Yes
D968,Rain,Hot,High,Strong,No
D969,Rain,Cool,High,Strong,No
D970,Sunny,Cool,Normal,Strong,Yes
D971,Overcast,Mild,Normal,Strong,Yes
D972,Overcast,Cool,Normal,Strong,Yes
D973,Overcast,Cool,Normal,Strong,Yes
D974,Sunny,Mild,Normal,Strong,Yes
D975,Rain,Cool,High,Strong,Yes
D976,Overcast,Cool,Normal,Strong,Yes
D977,Rain,Mild,High,Strong,No
D978,Sunny,Cool,Normal,Weak,Yes
D979,Rain,Hot,High,Strong,No
D980,Overcast,Cool,Normal,Weak,Yes
D981,Overcast,Hot,High,Weak,Yes
D982,Overcast,Mild,Normal,Strong,Yes
D983,Overcast,Hot,High,Weak,Yes
D984,Sunny,Mild,Normal,Strong,Yes
D985,Sunny,Cool,High,Strong,Yes
D986,Overcast,Cool,Normal,Weak,Yes
D987,Overcast,Hot,Normal,Weak,Yes
D988,Rain,Hot,Normal,Weak,No
D989,Rain,Hot,High,Weak,No
D990,Rain,Mild,High,Weak,No
D991,Sunny,Cool,Normal,Strong,Yes
D992,Sunny,Hot,Normal,Strong,Yes
D993,Rain,Mild,Normal,Weak,No
D994,Rain,Hot,Normal,Strong,No
D995,Rain,Cool,Normal,Strong,No
D996,Overcast,Hot,High,Weak,Yes
D997,Sunny,Cool,Normal,Weak,Yes
D998,Overcast,Mild,Normal,Weak,Yes
D999,Rain,Cool,Normal,Weak,No
D1000,Sunny,Mild,Normal,Weak,Yes
D1001,Overcast,Mild,Normal,Strong,Yes
D1002,Rain,Mild,Normal,Weak,No
D1003,Sunny,Cool,Normal,Strong,Yes
D1004,Rain,Hot,Normal,Strong,No
D1005,Rain,Hot,Normal,Strong,No
D1006,Sunny,Cool,High,Strong,Yes
D1007,Sunny,Cool,High,Weak,Yes
D1008,Rain,Hot,High,Strong,Yes
D1009,Rain,Hot,Normal,Strong,No
D1010,Sunny,Cool,Normal,Strong,Yes
D1011,Sunny,Cool,Normal,Strong,Yes
D1012,Rain,Hot,Normal,Weak,No
D1013,Rain,Hot,High,Weak,No
D1014,Sunny,Mild,Normal,Strong,Yes
D1015,Rain,Hot,Normal,Weak,No
D1016,Sunny,Cool,High,Strong,Yes
D1017,Rain,Cool,Normal,Weak,No
D1018,Overcast,Mild,High,Weak,Yes
D1019,Overcast,Cool,High,Weak,Yes
D1020,Rain,Hot,Normal,Weak,No
D1021,Rain,Mild,High,Weak,No
D1022,Overcast,Cool,High,Weak,Yes
D1023,Sunny,Cool,High,Strong,Yes
D1024,Rain,Cool,Normal,Strong,No
D1025,Rain,Hot,Normal,Strong,No
D1026,Rain,Hot,Normal,Strong,No
D1027,Sunny,Cool,Normal,Weak,Yes
D1028,Sunny,Mild,High,Weak,Yes
D1029,Overcast,Mild,High,Strong,Yes
D1030,Sunny,Mild,High,Weak,Yes
D1031,Overcast,Cool,Normal,Weak,Yes
D1032,Sunny,Mild,Normal,Strong,Yes
D1033,Rain,Hot,Normal,Strong,No
D1034,Overcast,Hot,High,Strong,Yes
D1035,Rain,Cool,High,Strong,No
D1036,Overcast,Mild,Normal,Weak,Yes
D1037,Overcast,Cool,High,Weak,Yes
D1038,Rain,Cool,High,Strong,No
D1039,Sunny,Cool,Normal,Weak,Yes
D1040,Overcast,Cool,Normal,Weak,Yes
D1041,Overcast,Hot,High,Strong,Yes
D1042,Rain,Cool,High,Weak,No
D1043,Overcast,Mild,Normal,Strong,Yes
D1044,Rain,Hot,Normal,Strong,No
D1045,Overcast,Hot,High,Strong,Yes
D1046,Rain,Mild,Normal,Weak,No
D1047,Overcast,Hot,Normal,Weak,Yes
D1048,Sunny,Cool,Normal,Strong,Yes
D1049,Overcast,Cool,Normal,Strong,Yes
D1050,Overcast,Cool,Normal,Weak,Yes
D1051,Sunny,Cool,Normal,Strong,Yes
D1052,Rain,Hot,High,Weak,No
D1053,Rain,Cool,High,Strong,No
D1054,Sunny,Mild,Normal,Strong,Yes
D1055,Sunny,Hot,Normal,Weak,Yes
D1056,Rain,Hot,Normal,Weak,Yes
D1057,Overcast,Mild,Normal,Weak,Yes
D1058,Sunny,Cool,High,Strong,Yes
D1059,Sunny,Cool,Normal,Weak,Yes
D1060,Rain,Hot,High,Strong,No
D1061,Sunny,Mild,High,Weak,Yes
D1062,Sunny,Mild,Normal,Weak,Yes
D1063,Rain,Cool,Normal,Weak,No
D1064,Rain,Cool,Normal,Weak,No
D1065,Sunny,Cool,Normal,Strong,No
D1066,Sunny,Mild,High,Weak,Yes
D1067,Rain,Cool,High,Strong,No
D1068,Sunny,Mild,High,Weak,Yes
D1069,Sunny,Cool,Normal,Weak,Yes
D1070,Sunny,Cool,Normal,Weak,Yes
D1071,Sunny,Cool,High,Strong,Yes
D1072,Rain,Hot,Normal,Strong,No
D1073,Sunny,Hot,High,Weak,Yes
D1074,Sunny,Hot,Normal,Weak,Yes
D1075,Rain,Mild,Normal,Strong,No
D1076,Sunny,Hot,High,Weak,Yes
D1077,Overcast,Cool,Normal,Weak,Yes
D1078,Rain,Hot,Normal,Strong,No
D1079,Sunny,Cool,Normal,Weak,Yes
D1080,Sunny,Hot,High,Strong,Yes
D1081,Rain,Mild,High,Weak,No
D1082,Rain,Cool,Normal,Weak,No
D1083,Rain,Cool,Normal,Weak,No
D1084,Overcast,Cool,High,Strong,Yes
D1085,Overcast,Cool,Normal,Weak,Yes
D1086,Sunny,Cool,Normal,Strong,No
D1087,Rain,Mild,Normal,Strong,No
D1088,Overcast,Hot,Normal,Strong,Yes
D1089,Sunny,Hot,High,Weak,Yes
D1090,Rain,Mild,High,Weak,No
D1091,Rain,Mild,Normal,Weak,No
D1092,Sunny,Mild,Normal,Weak,Yes
D1093,Sunny,Cool,High,Weak,Yes
D1094,Rain,Cool,Normal,Strong,No
D1095,Sunny,Cool,High,Strong,Yes
D1096,Sunny,Mild,Normal,Strong,Yes
D1097,Overcast,Cool,High,Weak,Yes
D1098,Rain,Cool,High,Strong,No
D1099,Sunny,Mild,Normal,Weak,Yes
D1100,Sunny,Mild,Normal,Weak,Yes
D1101,Rain,Mild,High,Strong,No
D1102,Rain,Mild,High,Weak,No
D1103,Rain,Cool,Normal,Strong,No
D1104,Sunny,Mild,Normal,Weak,Yes
D1105,Overcast,Cool,High,Weak,Yes
D1106,Overcast,Hot,Normal,Weak,Yes
D1107,Rain,Mild,Normal,Weak,No
D1108,Overcast,Cool,Normal,Weak,Yes
D1109,Rain,Cool,Normal,Strong,No
D1110,Overcast,Cool,Normal,Weak,Yes
D1111,Overcast,Hot,Normal,Strong,Yes
D1112,Overcast,Cool,Normal,Strong,Yes
D1113,Sunny,Hot,Normal,Strong,Yes
D1114,Overcast,Mild,High,Strong,Yes
D1115,Sunny,Cool,High,Weak,Yes
D1116,Rain,Hot,High,Strong,No
D1117,Sunny,Cool,Normal,Weak,Yes
D1118,Sunny,Mild,High,Weak,Yes
D1119,Overcast,Cool,Normal,Strong,Yes
D1120,Overcast,Mild,High,Weak,Yes
D1121,Rain,Hot,High,Strong,No
D1122,Sunny,Hot,High,Weak,Yes
D1123,Overcast,Hot,High,Strong,Yes
D1124,Overcast,Mild,High,Strong,Yes
D1125,Sunny,Mild,High,Strong,Yes
D1126,Overcast,Mild,High,Strong,Yes
D1127,Sunny,Hot,Normal,Weak,No
D1128,Rain,Hot,Normal,Weak,No
D1129,Rain,Mild,Normal,Weak,No
D1130,Overcast,Mild,Normal,Strong,Yes
D1131,Sunny,Hot,High,Weak,Yes
D1132,Overcast,Mild,High,Strong,Yes
D1133,Rain,Hot,High,Strong,No
D1134,Sunny,Hot,High,Strong,Yes
D1135,Rain,Cool,Normal,Weak,No
D1136,Overcast,Cool,Normal,Weak,Yes
D1137,Rain,Cool,High,Weak,No
D1138,Overcast,Cool,Normal,Weak,Yes
D1139,Overcast,Mild,High,Strong,Yes
D1140,Sunny,Mild,Normal,Strong,Yes
D1141,Sunny,Cool,Normal,Strong,Yes
D1142,Sunny,Mild,High,Weak,Yes
D1143,Rain,Mild,High,Strong,No
D1144,Sunny,Cool,Normal,Weak,Yes
D1145,Rain,Cool,High,Strong,No
D1146,Rain,Cool,Normal,Strong,No
D1147,Rain,Mild,Normal,Weak,No
D1148,Overcast,Cool,High,Strong,Yes
D1149,Overcast,Hot,High,Weak,Yes
D1150,Sunny,Hot,Normal,Weak,Yes
D1151,Sunny,Mild,High,Strong,Yes
D1152,Rain,Cool,High,Strong,Yes
D1153,Overcast,Cool,High,Strong,Yes
D1154,Rain,Cool,Normal,Weak,No
D1155,Sunny,Mild,High,Strong,Yes
D1156,Sunny,Hot,Normal,Weak,Yes
D1157,Overcast,Hot,High,Weak,Yes
D1158,Overcast,Hot,Normal,Strong,Yes
D1159,Overcast,Mild,Normal,Weak,Yes
D1160,Sunny,Hot,High,Strong,Yes
D1161,Overcast,Hot,Normal,Strong,Yes
D1162,Overcast,Cool,Normal,Weak,Yes
D1163,Rain,Hot,Normal,Weak,No
D1164,Overcast,Cool,Normal,Strong,Yes
D1165,Sunny,Cool,Normal,Strong,Yes
D1166,Rain,Cool,High,Strong,No
D1167,Rain,Hot,High,Strong,No
D1168,Sunny,Hot,High,Strong,Yes
D1169,Rain,Cool,High,Weak,No
D1170,Sunny,Hot,Normal,Weak,Yes
D1171,Rain,Cool,High,Strong,No
D1172,Overcast,Mild,High,Strong,Yes
D1173,Rain,Hot,Normal,Strong,No
D1174,Sunny,Mild,High,Strong,Yes
D1175,Sunny,Mild,High,Weak,Yes
D1176,Rain,Mild,High,Strong,No
D1177,Sunny,Mild,High,Strong,Yes
D1178,Rain,Mild,Normal,Weak,No
D1179,Sunny,Hot,High,Weak,Yes
D1180,Overcast,Mild,Normal,Weak,Yes
D1181,Overcast,Mild,Normal,Strong,Yes
D1182,Sunny,Cool,High,Strong,Yes
D1183,Overcast,Mild,Normal,Weak,Yes
D1184,Rain,Hot,Normal,Weak,No
D1185,Overcast,Hot,High,Weak,Yes
D1186,Rain,Hot,Normal,Weak,No
D1187,Overcast,Hot,High,Weak,Yes
D1188,Sunny,Cool,High,Weak,Yes
D1189,Overcast,Mild,Normal,Weak,Yes
D1190,Rain,Hot,High,Weak,No
D1191,Rain,Mild,Normal,Weak,No
D1192,Overcast,Cool,High,Strong,Yes
D1193,Overcast,Mild,High,Strong,Yes
D1194,Sunny,Cool,High,Weak,Yes
D1195,Overcast,Mild,High,Strong,Yes
D1196,Rain,Mild,Normal,Weak,No
D1197,Rain,Mild,High,Strong,No
D1198,Rain,Cool,High,Weak,No
D1199,Rain,Mild,Normal,Strong,No
D1200,Rain,Hot,Normal,Strong,No
